name,url,urlname,members,city,rating,in_pro_network,network,query,lat,lon,country,pro_network_misses,non_meetup,upcoming_events_count
Python Hrvatska,https://www.meetup.com/python-hrvatska,python-hrvatska,1834,Zagreb,4.8,True,psf,Python Hrvatska,43.5045774,16.4453374,Hrvatska,0,False,0
Python Valencia,https://www.meetup.com/python-valencia-meetup,python-valencia-meetup,1837,Valencia,4.8,True,psf,Python Valencia,34.4245463,-118.5949528,United States,0,False,0
Python Bari,https://www.meetup.com/python-bari,python-bari,778,Bari,4.9,True,psf,Python Bari,50.8496866,4.392157,België / Belgique / Belgien,0,False,0
Django London,https://www.meetup.com/djangolondon,djangolondon,3374,London,4.8,True,psf,London,51.5074456,-0.1277653,United Kingdom,0,False,
PyLadies London,https://www.meetup.com/PyLadiesLondon,PyLadiesLondon,3142,London,4.8,True,psf,London,51.5074456,-0.1277653,United Kingdom,0,False,
Oxford Python,https://www.meetup.com/oxfordpython,oxfordpython,1101,Oxford,4.7,True,psf,Oxford,51.7520131,-1.2578499,United Kingdom,0,False,
PyLadies Brussels,https://www.meetup.com/pyladies-brussels,pyladies-brussels,95,Brussels,,True,psf,Brussels,50.8467372,4.352493,België / Belgique / Belgien,0,False,
Python Leiden User Group,https://www.meetup.com/python-leiden-user-group,python-leiden-user-group,334,Leiden,4.7,True,psf,Leiden,52.1594747,4.4908843,Nederland,0,False,
"Python, Machine Learning and Deep Learning Meetup Group",https://www.meetup.com/paris-python-machine-learning-deep-learning-meetup-group,paris-python-machine-learning-deep-learning-meetup-group,836,Paris,4.8,True,psf,Paris,48.8534951,2.3483915,France,0,False,
PyLadies Paris,https://www.meetup.com/pyladiesparis,pyladiesparis,840,Paris,4.8,True,psf,Paris,48.8534951,2.3483915,France,0,False,
PyAmsterdam,https://www.meetup.com/pyamsterdam,pyamsterdam,2075,Amsterdam,4.5,True,psf,Amsterdam,52.3730796,4.8924534,Nederland,0,False,
PyLadies Amsterdam,https://www.meetup.com/pyladiesams,pyladiesams,3307,Amsterdam,4.7,True,psf,Amsterdam,52.3730796,4.8924534,Nederland,0,False,
PyLadies Dublin,https://www.meetup.com/pyladiesdublin,pyladiesdublin,1968,Dublin,4.7,True,psf,Dublin,53.3493795,-6.2605593,Éire / Ireland,0,False,
PyCologne,https://www.meetup.com/pycologne,pycologne,741,Cologne,4.8,True,psf,Cologne,50.938361,6.959974,Deutschland,0,False,
Python Glasgow,https://www.meetup.com/python-glasgow,python-glasgow,1876,Glasgow,4.8,True,psf,Glasgow,55.861155,-4.2501687,United Kingdom,0,False,
Python User Group Freiburg,https://www.meetup.com/Python-User-Group-Freiburg,Python-User-Group-Freiburg,848,Freiburg,4.7,True,psf,Freiburg,47.9960901,7.8494005,Deutschland,0,False,
PyLadies Hamburg,https://www.meetup.com/PyLadies-Hamburg,PyLadies-Hamburg,1381,Hamburg,4.7,True,psf,Hamburg,53.550341,10.000654,Deutschland,0,False,
PyLadies Zurich,https://www.meetup.com/pyladies-zurich,pyladies-zurich,99,Zürich,4.7,True,psf,Zürich,47.3744489,8.5410422,Schweiz/Suisse/Svizzera/Svizra,0,False,
Python User Group Nürnberg,https://www.meetup.com/python-user-group-nuremberg,python-user-group-nuremberg,1040,Nürnberg,4.7,True,psf,Nürnberg,49.453872,11.077298,Deutschland,0,False,
Pyladies Munich,https://www.meetup.com/pyladiesmunich,pyladiesmunich,1456,Munich,4.6,True,psf,Munich,48.1371079,11.5753822,Deutschland,0,False,
PyBerlin,https://www.meetup.com/pyberlin,pyberlin,6815,Berlin,4.6,True,psf,Berlin,52.5173885,13.3951309,Deutschland,0,False,
PyLadies Berlin,https://www.meetup.com/pyladies-berlin,pyladies-berlin,3258,Berlin,4.8,True,psf,Berlin,52.5173885,13.3951309,Deutschland,0,False,
Python Milano,https://www.meetup.com/python-milano,python-milano,1418,Milano,4.8,True,psf,Milano,45.4641943,9.1896346,Italia,0,False,
Python Girona,https://www.meetup.com/pythongirona,pythongirona,585,Girona,4.9,True,psf,Girona,41.9793006,2.8199439,España,0,False,
Python A Coruña,https://www.meetup.com/python-a-coruna,python-a-coruna,643,A Coruña,4.9,True,psf,A Coruña,43.3466447,-8.4127029,España,0,False,
PyLadies BCN,https://www.meetup.com/PyLadies-BCN,PyLadies-BCN,921,Barcelona,4.8,True,psf,Barcelona,41.3825802,2.177073,España,0,False,
Python Barcelona Meetup,https://www.meetup.com/python-barcelona,python-barcelona,4646,Barcelona,4.6,True,psf,Barcelona,41.3825802,2.177073,España,0,False,
PyLadies Oslo,https://www.meetup.com/pyladies-oslo,pyladies-oslo,167,Oslo,4.6,True,psf,Oslo,59.9133301,10.7389701,Norge,0,False,
Ljubljana Python User Group,https://www.meetup.com/Ljubljana-Python-Group,Ljubljana-Python-Group,1578,Ljubljana,4.8,True,psf,Ljubljana,46.0500268,14.5069289,Slovenija,0,False,
PyLadies Madrid,https://www.meetup.com/pyladiesmadrid,pyladiesmadrid,2002,Madrid,4.8,True,psf,Madrid,40.416782,-3.703507,España,0,False,
PyLadies Stockholm,https://www.meetup.com/pyladiesstockholm,pyladiesstockholm,1353,Stockholm,4.7,True,psf,Stockholm,59.3251172,18.0710935,Sverige,0,False,
PyLadies Budapest,https://www.meetup.com/pyladies-budapest,pyladies-budapest,706,Budapest,4.9,True,psf,Budapest,47.4978789,19.0402383,Magyarország,0,False,
Python Pescara,https://www.meetup.com/pythonpescara,pythonpescara,288,Pescara,4.8,True,psf,Pescara,42.3097631,13.9579989,Italia,0,False,
Python 🐍 Lisbon Meetup,https://www.meetup.com/python-lisbon-meetup,python-lisbon-meetup,158,Lisbon,4.9,True,psf,Lisbon,38.7077507,-9.1365919,Portugal,0,False,
Python Sevilla,https://www.meetup.com/python-sevilla,python-sevilla,1586,Sevilla,4.7,True,psf,Sevilla,37.3886303,-5.9953403,España,0,False,
Python Málaga,https://www.meetup.com/python_malaga,python_malaga,558,Málaga,4.7,True,psf,Málaga,36.7213028,-4.4216366,España,0,False,
PyLadies Lithuania,https://www.meetup.com/pyladies-lithuania,pyladies-lithuania,127,Vilnius,5.0,True,psf,Vilnius,54.6870458,25.2829111,Lietuva,0,False,
VilniusPy,https://www.meetup.com/vilniuspy,vilniuspy,1789,Vilnius,4.7,True,psf,Vilnius,54.6870458,25.2829111,Lietuva,0,False,
Helsinki Python,https://www.meetup.com/helpy-meetups,helpy-meetups,2815,Helsinki,4.6,True,psf,Helsinki,60.1666204,24.9435408,Suomi / Finland,0,False,
Python Catania,https://www.meetup.com/python-catania,python-catania,483,Catania,4.8,True,psf,Catania,37.5023612,15.0873718,Italia,0,False,
Python Nigeria Meetup,https://www.meetup.com/python-users-nigeria-meetup,python-users-nigeria-meetup,1213,Lagos,3.8,True,psf,Lagos,6.4550575,3.3941795,Nigeria,0,False,
Python Ghana,https://www.meetup.com/python-ghana,python-ghana,3472,Accra,4.3,True,psf,Accra,5.5571096,-0.2012376,Ghana,0,False,
Montréal-Python,https://www.meetup.com/montreal-python,montreal-python,7058,Montréal,4.7,True,psf,Montréal,45.5031824,-73.5698065,Canada,0,False,
PyLadies Boston,https://www.meetup.com/pyladies-boston,pyladies-boston,1486,Boston,4.9,True,psf,Boston,42.3588336,-71.0578303,United States,0,False,
The Boston Python User Group,https://www.meetup.com/bostonpython,bostonpython,10178,Cambridge,4.7,True,psf,Cambridge,52.2055314,0.1186637,United Kingdom,0,False,
Ottawa Python Authors Group,https://www.meetup.com/ottawapython,ottawapython,2766,Ottawa,4.6,True,psf,Ottawa,45.4208777,-75.6901106,Canada,0,False,
NYC PyLadies,https://www.meetup.com/nyc-pyladies,nyc-pyladies,4035,New York,4.8,True,psf,New York,40.7127281,-74.0060152,United States,0,False,
PyLadies Princeton,https://www.meetup.com/PyLadies-Princeton,PyLadies-Princeton,58,Princeton,4.8,True,psf,Princeton,40.3496953,-74.6597376,United States,0,False,
Rochester Python Meetup,https://www.meetup.com/rochester-python-meetup,rochester-python-meetup,1320,Rochester,4.7,True,psf,Rochester,43.157285,-77.615214,United States,0,False,
The Philadelphia Python Users Group (PhillyPUG),https://www.meetup.com/phillypug,phillypug,3049,Philadelphia,4.7,True,psf,Philadelphia,39.9527237,-75.1635262,United States,0,False,
Python Toronto,https://www.meetup.com/python-toronto,python-toronto,3964,Toronto,4.7,True,psf,Toronto,43.6534817,-79.3839347,Canada,0,False,
DC Python Meetup,https://www.meetup.com/dcpython,dcpython,9579,Bethesda,4.6,True,psf,Bethesda,38.9812726,-77.1233587,United States,0,False,
NOVA-Python,https://www.meetup.com/nova-python,nova-python,3132,Reston,4.6,True,psf,Reston,38.953282,-77.3464516,United States,0,False,
Virginia Python Users Group,https://www.meetup.com/virginia-python,virginia-python,1140,Norfolk,4.7,True,psf,Norfolk,52.666667,1.0,United Kingdom,0,False,
Cleveland Area Python User Group (CLEpy),https://www.meetup.com/cleveland-area-python-interest-group,cleveland-area-python-interest-group,2677,Cleveland,4.7,True,psf,Cleveland,41.4996574,-81.6936772,United States,0,False,
Cleveland PyLadies,https://www.meetup.com/cle-pyladies,cle-pyladies,561,Cleveland,4.8,True,psf,Cleveland,41.4996574,-81.6936772,United States,0,False,
PyRVA,https://www.meetup.com/PyRVAUserGroup,PyRVAUserGroup,1939,Richmond,4.7,True,psf,Richmond,37.5385087,-77.43428,United States,0,False,
Michigan Python,https://www.meetup.com/michigan-python,michigan-python,2831,Ann Arbor,4.7,True,psf,Ann Arbor,42.2813722,-83.7484616,United States,0,False,
The Central Ohio Python Users Group,https://www.meetup.com/central-ohio-python-users-group,central-ohio-python-users-group,2331,Columbus,4.8,True,psf,Columbus,39.9622601,-83.0007065,United States,0,False,
Chicago PyLadies,https://www.meetup.com/Chicago-PyLadies,Chicago-PyLadies,1160,Chicago,4.8,True,psf,Chicago,41.8755616,-87.6244212,United States,0,False,
