name,url,urlname,members,city,rating,query,lat,lon,country,past_events_count,organizer_count,primary_organizer,last_event_date,has_upcoming_events,events_url,leaders_url,days_since_last_event,in_pro_network,pro_network_misses,upcoming_events_count,source
PyData SoCal,https://www.meetup.com/pydata-socal,pydata-socal,2123,Los Angeles,4.8,"Los Angeles, United States",34.0522342,-118.2436849,United States,30,,Pramit Choudhary,2025-07-07T15:00:00-07:00[America/Los_Angeles],True,https://www.meetup.com/pydata-socal/events/,https://www.meetup.com/pydata-socal/members/?op=leaders,404,False,0,0,
Salt Lake City PyData Meetup,https://www.meetup.com/pydata-slc/,pydata-slc,457,Salt Lake City,4.7,"Salt Lake City, United States",40.7607793,-111.8910474,United States,29,4,Travis Oliphant,2025-07-07T15:00:00-06:00[America/Denver],True,https://www.meetup.com/pydata-slc/events/,https://www.meetup.com/pydata-slc/members/?op=leaders,404,False,0,0,
PyData St. Louis,https://www.meetup.com/pydata-st-louis,pydata-st-louis,169,Saint Louis,4.8,"Saint Louis, United States",38.6254063,-90.190009,United States,11,6,"NumFOCUS, Inc.",2026-08-11T22:30:00-05:00[America/Chicago],True,https://www.meetup.com/pydata-st-louis/events/,https://www.meetup.com/pydata-st-louis/members/?op=leaders,3,True,0,1,
PyData Chicago,https://www.meetup.com/pydatachi,pydatachi,6519,Chicago,4.6,"Chicago, United States",41.8755616,-87.6244212,United States,141,4,"NumFOCUS, Inc.",2026-07-24T04:00:00-05:00[America/Chicago],True,https://www.meetup.com/pydatachi/events/,https://www.meetup.com/pydatachi/members/?op=leaders,22,True,0,1,
PyData Ann Arbor,https://www.meetup.com/pydata-ann-arbor,pydata-ann-arbor,1346,Ann Arbor,4.7,"Ann Arbor, United States",42.2813722,-83.7484616,United States,51,,,2026-07-24T04:00:00-04:00[America/New_York],True,https://www.meetup.com/pydata-ann-arbor/events/,https://www.meetup.com/pydata-ann-arbor/members/?op=leaders,22,False,0,0,
PyData Denver,https://www.meetup.com/PyData-Denver,PyData-Denver,1687,Denver,4.8,"Denver, United States",39.7392364,-104.984862,United States,37,9,,2026-07-24T04:00:00-06:00[America/Denver],True,https://www.meetup.com/PyData-Denver/events/,https://www.meetup.com/PyData-Denver/members/?op=leaders,22,True,0,0,
NEO AI - a PyData Group,https://www.meetup.com/neo-ai,neo-ai,116,Cleveland,,"Cleveland, United States",41.4996574,-81.6936772,United States,0,,,,False,https://www.meetup.com/neo-ai/events/,https://www.meetup.com/neo-ai/members/?op=leaders,,False,0,0,
Dallas Data Engineers - a PyData Group,https://www.meetup.com/dallas-data-engineers,dallas-data-engineers,656,Dallas,4.8,"Dallas, United States",32.7762719,-96.7968559,United States,17,,,2026-06-05T07:00:00-05:00[America/Chicago],True,https://www.meetup.com/dallas-data-engineers/events/,https://www.meetup.com/dallas-data-engineers/members/?op=leaders,71,False,0,0,
PyData Pittsburgh,https://www.meetup.com/pydata-pittsburgh,pydata-pittsburgh,1714,Pittsburgh,4.8,"Pittsburgh, United States",40.4406968,-80.0025666,United States,62,9,Pete Fein,2026-07-24T04:00:00-04:00[America/New_York],True,https://www.meetup.com/pydata-pittsburgh/events/,https://www.meetup.com/pydata-pittsburgh/members/?op=leaders,22,True,0,0,
PyData Atlanta,https://www.meetup.com/PyData-Atlanta,PyData-Atlanta,3835,Atlanta,4.8,"Atlanta, United States",33.7544657,-84.3898151,United States,131,5,Jeremy Jacobson,2026-07-24T04:00:00-04:00[America/New_York],True,https://www.meetup.com/PyData-Atlanta/events/,https://www.meetup.com/PyData-Atlanta/members/?op=leaders,22,True,0,1,
PyData Toronto,https://www.meetup.com/pydatato,pydatato,1865,Toronto,4.9,"Toronto, Canada",43.6534817,-79.3839347,Canada,19,4,"NumFOCUS, Inc.",2026-06-05T07:00:00-04:00[America/Toronto],True,https://www.meetup.com/pydatato/events/,https://www.meetup.com/pydatato/members/?op=leaders,71,False,0,0,
PyData Houston,https://www.meetup.com/PyData-Houston,PyData-Houston,468,Houston,,"Houston, United States",29.7589382,-95.3676974,United States,12,,,2026-07-24T04:00:00-05:00[America/Chicago],True,https://www.meetup.com/PyData-Houston/events/,https://www.meetup.com/PyData-Houston/members/?op=leaders,22,False,0,0,
Charlottesville Data Science (a PyData Group),https://www.meetup.com/charlottesvilledatascience,charlottesvilledatascience,1129,Charlottesville,4.8,"Charlottesville, United States",38.029306,-78.4766781,United States,43,4,Patrick Harrison,2026-08-04T22:00:00-04:00[America/New_York],True,https://www.meetup.com/charlottesvilledatascience/events/,https://www.meetup.com/charlottesvilledatascience/members/?op=leaders,11,True,0,1,
PyData DC Virtual,https://www.meetup.com/PyData-DC-Virtual,PyData-DC-Virtual,456,Washington,4.8,"Washington, United States",38.8950368,-77.0365427,United States,17,4,Joy,2026-07-24T04:00:00-04:00[America/New_York],True,https://www.meetup.com/PyData-DC-Virtual/events/,https://www.meetup.com/PyData-DC-Virtual/members/?op=leaders,22,True,0,0,
PyData NYC,https://www.meetup.com/pydatanyc,pydatanyc,8005,New York,4.7,"New York, United States",40.7127281,-74.0060152,United States,92,16,"NumFOCUS, Inc.",2026-07-24T04:00:00-04:00[America/New_York],True,https://www.meetup.com/pydatanyc/events/,https://www.meetup.com/pydatanyc/members/?op=leaders,22,True,0,0,
PyData Montreal,https://www.meetup.com/PyData-MTL,PyData-MTL,3930,Montréal,4.6,"Montréal, Canada",45.5031824,-73.5698065,Canada,48,6,Jean-Michel Daignan,2026-07-24T04:00:00-04:00[America/Toronto],True,https://www.meetup.com/PyData-MTL/events/,https://www.meetup.com/PyData-MTL/members/?op=leaders,22,True,0,0,
PyData Boston - Cambridge,https://www.meetup.com/pydata-boston-cambridge,pydata-boston-cambridge,3433,Boston,4.7,"Boston, United States",42.3588336,-71.0578303,United States,71,17,Milos Miljkovic,2026-08-05T22:30:00-04:00[America/New_York],True,https://www.meetup.com/pydata-boston-cambridge/events/,https://www.meetup.com/pydata-boston-cambridge/members/?op=leaders,10,True,0,0,
PyData Calgary,https://www.meetup.com/PyData-Calgary,PyData-Calgary,2770,Calgary,4.5,"Calgary, Canada",51.0456064,-114.057541,Canada,79,5,"NumFOCUS, Inc.",2026-07-29T23:30:00-06:00[America/Edmonton],True,https://www.meetup.com/PyData-Calgary/events/,https://www.meetup.com/PyData-Calgary/members/?op=leaders,16,True,0,0,
PyData Miami / Machine Learning Meetup,https://www.meetup.com/Miami-Machine-Learning-Meetup,Miami-Machine-Learning-Meetup,1982,Miami,4.7,"Miami, United States",25.7741566,-80.1935973,United States,54,3,"NumFOCUS, Inc.",2026-07-24T04:00:00-04:00[America/New_York],True,https://www.meetup.com/Miami-Machine-Learning-Meetup/events/,https://www.meetup.com/Miami-Machine-Learning-Meetup/members/?op=leaders,22,True,0,0,
PyData Seattle,https://www.meetup.com/pydata_seattle,pydata_seattle,4320,Bellevue,4.6,"Bellevue, United States",47.6144219,-122.192337,United States,107,8,"NumFOCUS, Inc.",2026-08-06T15:00:00-07:00[America/Los_Angeles],True,https://www.meetup.com/pydata_seattle/events/,https://www.meetup.com/pydata_seattle/members/?op=leaders,9,True,0,4,
PyData PDX,https://www.meetup.com/PyData-PDX,PyData-PDX,1500,Portland,4.8,"Portland, United States",45.5202471,-122.674194,United States,109,6,Allison,2026-07-24T04:00:00-07:00[America/Los_Angeles],True,https://www.meetup.com/PyData-PDX/events/,https://www.meetup.com/PyData-PDX/members/?op=leaders,22,True,0,0,
PyData SLO,https://www.meetup.com/PydataSLO,PydataSLO,258,San Luis Obispo,4.8,"San Luis Obispo, United States",35.3540209,-120.375716,United States,0,,,,True,https://www.meetup.com/PydataSLO/events/,https://www.meetup.com/PydataSLO/members/?op=leaders,,False,0,0,
PyData San Francisco Bay Area,https://www.meetup.com/PyData-San-Francisco,PyData-San-Francisco,694,San Francisco,,"San Francisco, United States",37.7879363,-122.4075201,United States,15,4,"NumFOCUS, Inc.",2026-07-24T04:00:00-07:00[America/Los_Angeles],True,https://www.meetup.com/PyData-San-Francisco/events/,https://www.meetup.com/PyData-San-Francisco/members/?op=leaders,22,False,0,0,
PyData Veracruz,https://www.meetup.com/pydata-veracruz,pydata-veracruz,157,Veracruz,,"Veracruz, México",19.333333,-96.666667,México,11,,Eliseo,2026-07-24T04:00:00-06:00[America/Mexico_City],True,https://www.meetup.com/pydata-veracruz/events/,https://www.meetup.com/pydata-veracruz/members/?op=leaders,22,True,0,0,
PyData Panamá,https://www.meetup.com/pydata-panama,pydata-panama,461,Panamá,4.9,"Panamá, Panamá",8.559559,-81.1308434,Panamá,15,6,Arnulfo Reyes,2026-07-30T01:00:00-05:00[America/Panama],True,https://www.meetup.com/pydata-panama/events/,https://www.meetup.com/pydata-panama/members/?op=leaders,16,True,0,1,
PyData T&T,https://www.meetup.com/pydata-t-t,pydata-t-t,318,Port of Spain,4.6,"Port of Spain, Trinidad and Tobago",10.6572678,-61.5180173,Trinidad and Tobago,55,9,T. Dyer,2026-07-24T04:00:00-04:00[America/Port_of_Spain],True,https://www.meetup.com/pydata-t-t/events/,https://www.meetup.com/pydata-t-t/members/?op=leaders,22,True,0,0,
PyData Guayaquil,https://www.meetup.com/pydata-guayaquil,pydata-guayaquil,156,Guayaquil,,"Guayaquil, Ecuador",-2.1900572,-79.8868669,Ecuador,5,3,"NumFOCUS, Inc.",2026-07-24T04:00:00-05:00[America/Guayaquil],True,https://www.meetup.com/pydata-guayaquil/events/,https://www.meetup.com/pydata-guayaquil/members/?op=leaders,22,True,0,0,
PyData Edinburgh,https://www.meetup.com/pydata-edinburgh,pydata-edinburgh,1459,Edinburgh,,"Edinburgh, United Kingdom",55.9533456,-3.1883749,United Kingdom,44,3,David Wood,2025-06-06T07:00:00+01:00[Europe/London],False,https://www.meetup.com/pydata-edinburgh/events/,https://www.meetup.com/pydata-edinburgh/members/?op=leaders,435,False,0,0,
PyData Glasgow,https://www.meetup.com/meetup-group-djhiglzd,meetup-group-djhiglzd,216,Glasgow,4.1,"Glasgow, United Kingdom",55.861155,-4.2501687,United Kingdom,12,3,Toluwaleke Ogidan,2026-08-06T17:00:00+01:00[Europe/London],True,https://www.meetup.com/meetup-group-djhiglzd/events/,https://www.meetup.com/meetup-group-djhiglzd/members/?op=leaders,9,True,0,0,
PyData Ireland,https://www.meetup.com/pydataireland,pydataireland,2798,Dublin,4.5,"Dublin, Éire / Ireland",53.3493795,-6.2605593,Éire / Ireland,51,5,Sukanya Mandal,2026-07-24T04:00:00+01:00[Europe/Dublin],True,https://www.meetup.com/pydataireland/events/,https://www.meetup.com/pydataireland/members/?op=leaders,23,True,0,0,
PyData Cornwall,https://www.meetup.com/pydata-cornwall,pydata-cornwall,123,Newquay,4.9,"Newquay, United Kingdom",50.4136251,-5.0843364,United Kingdom,7,4,Tun,2026-07-24T04:00:00+01:00[Europe/London],True,https://www.meetup.com/pydata-cornwall/events/,https://www.meetup.com/pydata-cornwall/members/?op=leaders,23,True,0,1,
PyData Manchester,https://www.meetup.com/pydata-manchester,pydata-manchester,4013,Manchester,4.7,"Manchester, United Kingdom",53.4794892,-2.2451148,United Kingdom,122,11,John Carney,2026-07-24T04:00:00+01:00[Europe/London],True,https://www.meetup.com/pydata-manchester/events/,https://www.meetup.com/pydata-manchester/members/?op=leaders,23,True,0,1,
PyData Bradford,https://www.meetup.com/pydata-bradford,pydata-bradford,940,Bradford,4.9,"Bradford, United Kingdom",53.7944229,-1.7519186,United Kingdom,15,5,Elizabeth Osanyinro,2026-07-30T17:00:00+01:00[Europe/London],True,https://www.meetup.com/pydata-bradford/events/,https://www.meetup.com/pydata-bradford/members/?op=leaders,16,True,0,0,
PyData Huddersfield,https://www.meetup.com/pydata-huddersfield,pydata-huddersfield,544,Huddersfield,4.8,"Huddersfield, United Kingdom",53.6466645,-1.7822482,United Kingdom,10,3,Onyeka Ojumah,2026-08-15T10:00:00+01:00[Europe/London],True,https://www.meetup.com/pydata-huddersfield/events/,https://www.meetup.com/pydata-huddersfield/members/?op=leaders,0,True,0,0,
PyData Leeds,https://www.meetup.com/pydata-leeds,pydata-leeds,1018,Leeds,4.7,"Leeds, United Kingdom",53.7974185,-1.5437941,United Kingdom,17,3,Adam Ellis,2026-06-16T16:30:00+01:00[Europe/London],False,https://www.meetup.com/pydata-leeds/events/,https://www.meetup.com/pydata-leeds/members/?op=leaders,60,True,0,1,
PyData Cardiff Meetup,https://www.meetup.com/pydata-cardiff-meetup,pydata-cardiff-meetup,1118,Cardiff,4.8,"Cardiff, United Kingdom",51.4816546,-3.1791934,United Kingdom,28,6,Tim Vivian-Griffiths,2026-07-24T04:00:00+01:00[Europe/London],True,https://www.meetup.com/pydata-cardiff-meetup/events/,https://www.meetup.com/pydata-cardiff-meetup/members/?op=leaders,23,True,0,1,
PyData Wolverhampton,https://www.meetup.com/pydata-wolverhampton,pydata-wolverhampton,108,Wolverhampton,,"Wolverhampton, United Kingdom",52.5847651,-2.127567,United Kingdom,6,,"NumFOCUS, Inc.",2026-07-24T04:00:00+01:00[Europe/London],True,https://www.meetup.com/pydata-wolverhampton/events/,https://www.meetup.com/pydata-wolverhampton/members/?op=leaders,23,True,0,0,
PyData Exeter,https://www.meetup.com/pydata-exeter,pydata-exeter,585,Exeter,4.6,"Exeter, United Kingdom",50.7256138,-3.5269209,United Kingdom,18,7,Anna,2026-07-24T04:00:00+01:00[Europe/London],True,https://www.meetup.com/pydata-exeter/events/,https://www.meetup.com/pydata-exeter/members/?op=leaders,23,True,0,0,
"PyData Birmingham, UK",https://www.meetup.com/pydata-birmingham-uk,pydata-birmingham-uk,194,Birmingham,4.3,"Birmingham, United Kingdom",52.4796992,-1.9026911,United Kingdom,2,,,2025-09-09T17:30:00+01:00[Europe/London],False,https://www.meetup.com/pydata-birmingham-uk/events/,https://www.meetup.com/pydata-birmingham-uk/members/?op=leaders,340,True,0,0,
PyData Bristol,https://www.meetup.com/PyData-Bristol,PyData-Bristol,1320,Bristol,4.8,"Bristol, United Kingdom",51.4538022,-2.5972985,United Kingdom,0,,,,True,https://www.meetup.com/PyData-Bristol/events/,https://www.meetup.com/PyData-Bristol/members/?op=leaders,,False,0,0,
PyData Pará,https://www.meetup.com/pydata-para,pydata-para,285,Belém,5.0,"Belém, Brasil",-1.45056,-48.4682453,Brasil,4,5,"NumFOCUS, Inc.",2026-07-24T04:00:00-04:00[America/Boa_Vista],True,https://www.meetup.com/pydata-para/events/,https://www.meetup.com/pydata-para/members/?op=leaders,22,True,0,0,
PyData Hull,https://www.meetup.com/pydata-hull,pydata-hull,289,Hull,,"Hull, United Kingdom",53.7623863,-0.3301214,United Kingdom,9,4,"NumFOCUS, Inc.",2026-07-31T15:30:00+01:00[Europe/London],True,https://www.meetup.com/pydata-hull/events/,https://www.meetup.com/pydata-hull/members/?op=leaders,15,True,0,0,
PyData Leicester,https://www.meetup.com/test-austin,test-austin,61,Leicester,,"Leicester, United Kingdom",52.6362,-1.1331969,United Kingdom,3,,"NumFOCUS, Inc.",2026-07-24T04:00:00+01:00[Europe/London],True,https://www.meetup.com/test-austin/events/,https://www.meetup.com/test-austin/members/?op=leaders,23,True,0,0,
PyData Milton Keynes,https://www.meetup.com/pydata-milton-keynes,pydata-milton-keynes,2513,Milton Keynes,4.5,"Milton Keynes, United Kingdom",52.0406502,-0.7594092,United Kingdom,7,3,Grace Farayola,2026-07-24T04:00:00+01:00[Europe/London],True,https://www.meetup.com/pydata-milton-keynes/events/,https://www.meetup.com/pydata-milton-keynes/members/?op=leaders,23,True,0,2,
PyData Southampton,https://www.meetup.com/pydata-southampton,pydata-southampton,785,Southampton,4.8,"Southampton, United Kingdom",50.9025349,-1.404189,United Kingdom,46,8,Adam Hill,2026-07-24T04:00:00+01:00[Europe/London],True,https://www.meetup.com/pydata-southampton/events/,https://www.meetup.com/pydata-southampton/members/?op=leaders,23,True,0,1,
PyData Cambridge,https://www.meetup.com/pydata-cambridge-meetup,pydata-cambridge-meetup,1837,Cambridge,4.6,"Cambridge, United Kingdom",52.2055314,0.1186637,United Kingdom,64,7,Leandro Nunes,2026-07-24T04:00:00+01:00[Europe/London],True,https://www.meetup.com/pydata-cambridge-meetup/events/,https://www.meetup.com/pydata-cambridge-meetup/members/?op=leaders,23,True,0,0,
PyData Surrey,https://www.meetup.com/pydata-surrey,pydata-surrey,25,Woking,,"Woking, United Kingdom",51.3201891,-0.5564726,United Kingdom,3,,"NumFOCUS, Inc.",2026-07-24T04:00:00+01:00[Europe/London],True,https://www.meetup.com/pydata-surrey/events/,https://www.meetup.com/pydata-surrey/members/?op=leaders,23,True,0,0,
PyData London Meetup,https://www.meetup.com/pydata-london-meetup,pydata-london-meetup,16486,London,4.7,"London, United Kingdom",51.5074456,-0.1277653,United Kingdom,130,17,"NumFOCUS, Inc.",2026-08-04T17:30:00+01:00[Europe/London],True,https://www.meetup.com/pydata-london-meetup/events/,https://www.meetup.com/pydata-london-meetup/members/?op=leaders,11,True,0,0,
PyData Katsina,https://www.meetup.com/pydata-katsina,pydata-katsina,9,Norwich,,"Norwich, Nigeria",8.8808183,5.9431849,Nigeria,3,,"NumFOCUS, Inc.",2026-07-24T04:00:00+01:00[Europe/London],True,https://www.meetup.com/pydata-katsina/events/,https://www.meetup.com/pydata-katsina/members/?op=leaders,23,True,0,0,
PyData Norwich,https://www.meetup.com/pydata-norwich,pydata-norwich,159,Norwich,5.0,"Norwich, United Kingdom",52.6285576,1.2923954,United Kingdom,12,4,"NumFOCUS, Inc.",2026-07-24T04:00:00+01:00[Europe/London],True,https://www.meetup.com/pydata-norwich/events/,https://www.meetup.com/pydata-norwich/members/?op=leaders,23,True,0,0,
PyData Kent,https://www.meetup.com/pydata-kent,pydata-kent,65,Canterbury,,"Canterbury, United Kingdom",51.2800275,1.0802533,United Kingdom,3,,"NumFOCUS, Inc.",2026-07-24T04:00:00+01:00[Europe/London],True,https://www.meetup.com/pydata-kent/events/,https://www.meetup.com/pydata-kent/members/?op=leaders,23,True,0,0,
PyData Lisbon,https://www.meetup.com/PyData-Lisbon,PyData-Lisbon,2213,Lisbon,4.7,"Lisbon, Portugal",38.7077507,-9.1365919,Portugal,29,3,Sílvio Rodrigues,2026-07-24T04:00:00+01:00[Europe/Lisbon],True,https://www.meetup.com/PyData-Lisbon/events/,https://www.meetup.com/PyData-Lisbon/members/?op=leaders,23,True,0,0,
PyData Amsterdam,https://www.meetup.com/pydata-nl,pydata-nl,6563,Amsterdam,4.6,"Amsterdam, Nederland",52.3730796,4.8924534,Nederland,110,12,"NumFOCUS, Inc.",2026-07-30T16:00:00+02:00[Europe/Amsterdam],True,https://www.meetup.com/pydata-nl/events/,https://www.meetup.com/pydata-nl/members/?op=leaders,16,True,0,0,
Pydata Belgium,https://www.meetup.com/Pydata-Belgium,Pydata-Belgium,642,Brussels,4.9,"Brussels, België / Belgique / Belgien",50.8467372,4.352493,België / Belgique / Belgien,10,,Murilo Cunha,2026-07-30T16:30:00+02:00[Europe/Brussels],False,https://www.meetup.com/Pydata-Belgium/events/,https://www.meetup.com/Pydata-Belgium/members/?op=leaders,16,True,0,1,
PyData Paris,https://www.meetup.com/pydata-paris,pydata-paris,5103,Paris,4.7,"Paris, France",48.8534951,2.3483915,France,36,4,Sylvain Corlay,2025-12-09T10:30:00+01:00[Europe/Paris],False,https://www.meetup.com/pydata-paris/events/,https://www.meetup.com/pydata-paris/members/?op=leaders,249,False,0,0,
PyData Eindhoven,https://www.meetup.com/pydata-eindhoven,pydata-eindhoven,1211,Eindhoven,4.7,"Eindhoven, Nederland",51.4392648,5.478633,Nederland,23,11,Gareth Thomas,2026-07-24T04:00:00+02:00[Europe/Amsterdam],True,https://www.meetup.com/pydata-eindhoven/events/,https://www.meetup.com/pydata-eindhoven/members/?op=leaders,23,True,0,0,
PyData Madrid,https://www.meetup.com/pydata-madrid,pydata-madrid,2161,Madrid,4.8,"Madrid, España",40.416782,-3.703507,España,57,7,"NumFOCUS, Inc.",2026-07-24T04:00:00+02:00[Europe/Madrid],True,https://www.meetup.com/pydata-madrid/events/,https://www.meetup.com/pydata-madrid/members/?op=leaders,23,True,0,0,
Copenhagen Julia Meetup Group,https://www.meetup.com/copenhagen-julia-meetup-group,copenhagen-julia-meetup-group,225,Copenhagen,4.8,"Copenhagen, Danmark",55.6867243,12.5700724,Danmark,0,,,,True,https://www.meetup.com/copenhagen-julia-meetup-group/events/,https://www.meetup.com/copenhagen-julia-meetup-group/members/?op=leaders,,False,0,0,
PyData Copenhagen,https://www.meetup.com/PyData-Copenhagen,PyData-Copenhagen,2700,Copenhagen,4.7,"Copenhagen, Danmark",55.6867243,12.5700724,Danmark,55,,"NumFOCUS, Inc.",2026-07-24T04:00:00+02:00[Europe/Copenhagen],True,https://www.meetup.com/PyData-Copenhagen/events/,https://www.meetup.com/PyData-Copenhagen/members/?op=leaders,23,False,0,0,
PyData Stockholm,https://www.meetup.com/pydatastockholm,pydatastockholm,1696,Stockholm,4.7,"Stockholm, Sverige",59.3251172,18.0710935,Sverige,31,,,2026-08-13T18:30:00+02:00[Europe/Stockholm],True,https://www.meetup.com/pydatastockholm/events/,https://www.meetup.com/pydatastockholm/members/?op=leaders,2,False,0,0,
"Datenanalyse, Data Science und Statistik - PyData Dortmund",https://www.meetup.com/datenanalyse-dortmund-pydata,datenanalyse-dortmund-pydata,182,Dortmund,4.2,"Dortmund, Deutschland",51.5142273,7.4652789,Deutschland,17,3,Dominik Schütgens,2026-07-24T04:00:00+02:00[Europe/Berlin],True,https://www.meetup.com/datenanalyse-dortmund-pydata/events/,https://www.meetup.com/datenanalyse-dortmund-pydata/members/?op=leaders,23,True,0,0,
PyData Hamburg,https://www.meetup.com/PyData-Hamburg,PyData-Hamburg,2640,Hamburg,4.6,"Hamburg, Deutschland",53.5501721,10.0013165,Deutschland,46,6,"NumFOCUS, Inc.",2026-07-24T04:00:00+02:00[Europe/Berlin],True,https://www.meetup.com/PyData-Hamburg/events/,https://www.meetup.com/PyData-Hamburg/members/?op=leaders,23,True,0,0,
PyData Rhein-Main - Artificial Intelligence in Python,https://www.meetup.com/pydata-rhein-main,pydata-rhein-main,1738,Frankfurt,4.6,"Frankfurt, Deutschland",50.1106444,8.6820917,Deutschland,20,3,Alexander C. S. Hendorf,2026-07-24T04:00:00+02:00[Europe/Berlin],True,https://www.meetup.com/pydata-rhein-main/events/,https://www.meetup.com/pydata-rhein-main/members/?op=leaders,23,False,0,0,
PyData Malaga,https://www.meetup.com/pydata-malaga,pydata-malaga,461,Málaga,4.9,"Málaga, España",36.7213028,-4.4216366,España,13,,,2026-08-13T18:30:00+02:00[Europe/Madrid],True,https://www.meetup.com/pydata-malaga/events/,https://www.meetup.com/pydata-malaga/members/?op=leaders,2,False,0,0,
PyData Südwest - Artificial Intelligence in Python,https://www.meetup.com/pydata-suedwest,pydata-suedwest,1782,Heidelberg,4.8,"Heidelberg, Deutschland",49.4093582,8.694724,Deutschland,41,5,Alexander C. S. Hendorf,2026-07-24T04:00:00+02:00[Europe/Berlin],True,https://www.meetup.com/pydata-suedwest/events/,https://www.meetup.com/pydata-suedwest/members/?op=leaders,23,False,0,0,
PyData GRX,https://www.meetup.com/pydatagrx,pydatagrx,728,Granada,4.9,"Granada, España",37.1734995,-3.5995337,España,20,11,Manuel,2026-07-24T04:00:00+02:00[Europe/Madrid],True,https://www.meetup.com/pydatagrx/events/,https://www.meetup.com/pydatagrx/members/?op=leaders,23,True,0,0,
PyData Helsinki,https://www.meetup.com/pydatahelsinki,pydatahelsinki,1253,Helsinki,4.8,"Helsinki, Suomi / Finland",60.1666204,24.9435408,Suomi / Finland,21,8,Jouni Seppänen,2026-08-12T14:30:00+03:00[Europe/Helsinki],True,https://www.meetup.com/pydatahelsinki/events/,https://www.meetup.com/pydatahelsinki/members/?op=leaders,3,True,0,0,
PyData Berlin,https://www.meetup.com/PyData-Berlin,PyData-Berlin,9752,Berlin,4.6,"Berlin, Deutschland",52.5173885,13.3951309,Deutschland,144,22,"NumFOCUS, Inc.",2026-07-24T04:00:00+02:00[Europe/Berlin],True,https://www.meetup.com/PyData-Berlin/events/,https://www.meetup.com/PyData-Berlin/members/?op=leaders,23,True,0,1,
PyData Tallinn,https://www.meetup.com/pydata-tallinn,pydata-tallinn,658,Tallinn,4.7,"Tallinn, Eesti",59.437242,24.7572693,Eesti,11,3,Isaac Chung,2026-07-24T04:00:00+03:00[Europe/Tallinn],True,https://www.meetup.com/pydata-tallinn/events/,https://www.meetup.com/pydata-tallinn/members/?op=leaders,23,True,0,0,
PyData Valencia,https://www.meetup.com/pydata-valencia,pydata-valencia,152,Valencia,4.9,"Valencia, España",39.4697065,-0.3763353,España,5,5,"NumFOCUS, Inc.",2026-07-24T04:00:00+02:00[Europe/Madrid],True,https://www.meetup.com/pydata-valencia/events/,https://www.meetup.com/pydata-valencia/members/?op=leaders,23,True,0,0,
PyData Zurich,https://www.meetup.com/PyData-Zurich,PyData-Zurich,1967,Zürich,4.5,"Zürich, Schweiz/Suisse/Svizzera/Svizra",47.3744489,8.5410422,Schweiz/Suisse/Svizzera/Svizra,34,6,Titus von Köller,2026-07-24T04:00:00+02:00[Europe/Zurich],True,https://www.meetup.com/PyData-Zurich/events/,https://www.meetup.com/PyData-Zurich/members/?op=leaders,23,True,0,0,
PyData Valais,https://www.meetup.com/pydata-valais,pydata-valais,274,Sion,4.7,"Sion, Schweiz/Suisse/Svizzera/Svizra",46.2311749,7.3588795,Schweiz/Suisse/Svizzera/Svizra,6,4,Raphaël Lüthi,2026-07-24T04:00:00+02:00[Europe/Zurich],True,https://www.meetup.com/pydata-valais/events/,https://www.meetup.com/pydata-valais/members/?op=leaders,23,True,0,0,
PyData Trojmiasto,https://www.meetup.com/PyData-Trojmiasto,PyData-Trojmiasto,1842,Gdansk,4.7,"Gdansk, Polska",54.3482907,18.6540233,Polska,54,5,P. Stoworowicz,2026-07-24T04:00:00+02:00[Europe/Warsaw],True,https://www.meetup.com/PyData-Trojmiasto/events/,https://www.meetup.com/PyData-Trojmiasto/members/?op=leaders,23,True,0,0,
PyData Eivissa/Ibiza,https://www.meetup.com/pydata-eivissa-ibiza,pydata-eivissa-ibiza,122,Eivissa,4.8,"Eivissa, España",38.9743901,1.4197463,España,0,,,,True,https://www.meetup.com/pydata-eivissa-ibiza/events/,https://www.meetup.com/pydata-eivissa-ibiza/members/?op=leaders,,False,0,0,
PyData Bydgoszcz,https://www.meetup.com/pydata-bydgoszcz,pydata-bydgoszcz,872,Bydgoszcz,4.8,"Bydgoszcz, Polska",53.1219648,18.0002529,Polska,41,6,PyData Bydgoszcz,2026-07-24T04:00:00+02:00[Europe/Warsaw],True,https://www.meetup.com/pydata-bydgoszcz/events/,https://www.meetup.com/pydata-bydgoszcz/members/?op=leaders,23,True,0,0,
PyData Munich,https://www.meetup.com/PyData-Munchen,PyData-Munchen,3717,München,4.5,"München, Deutschland",48.1371079,11.5753822,Deutschland,70,,Saloua Litayem,2026-08-13T18:30:00+02:00[Europe/Berlin],True,https://www.meetup.com/PyData-Munchen/events/,https://www.meetup.com/PyData-Munchen/members/?op=leaders,2,False,0,0,
PyData Prague,https://www.meetup.com/PyData-Prague,PyData-Prague,2393,Prague,4.7,"Prague, Česko",50.0850112,14.4265172,Česko,47,7,Ondřej Kokeš,2026-08-10T17:00:00+02:00[Europe/Prague],True,https://www.meetup.com/PyData-Prague/events/,https://www.meetup.com/PyData-Prague/members/?op=leaders,5,True,0,0,
PyData Milano,https://www.meetup.com/pydata-milano,pydata-milano,1519,Milano,4.7,"Milano, Italia",45.4641943,9.1896346,Italia,28,8,Pietro Peterlongo,2026-07-24T04:00:00+02:00[Europe/Rome],True,https://www.meetup.com/pydata-milano/events/,https://www.meetup.com/pydata-milano/members/?op=leaders,23,True,0,0,
PyData Warsaw,https://www.meetup.com/PyData-Warsaw,PyData-Warsaw,4596,Warsaw,4.6,"Warsaw, Polska",52.2333742,21.0711489,Polska,61,7,"NumFOCUS, Inc.",2026-07-24T04:00:00+02:00[Europe/Warsaw],True,https://www.meetup.com/PyData-Warsaw/events/,https://www.meetup.com/PyData-Warsaw/members/?op=leaders,23,True,0,0,
PyData Venice,https://www.meetup.com/pydata-venice,pydata-venice,1386,Venezia,4.5,"Venezia, Italia",45.4371908,12.3345898,Italia,31,4,Fabio Lamanna,2026-07-24T04:00:00+02:00[Europe/Rome],True,https://www.meetup.com/pydata-venice/events/,https://www.meetup.com/pydata-venice/members/?op=leaders,23,True,0,3,
PyData Natal,https://www.meetup.com/pydata-natal,pydata-natal,632,Natal,4.9,"Natal, Brasil",-5.805398,-35.2080905,Brasil,9,6,Mariana Queiroz,2026-07-24T04:00:00-03:00[America/Fortaleza],True,https://www.meetup.com/pydata-natal/events/,https://www.meetup.com/pydata-natal/members/?op=leaders,22,True,0,0,
PyData Slovakia & Bratislava,https://www.meetup.com/pydata-slovakia-bratislava,pydata-slovakia-bratislava,328,Bratislava,4.7,"Bratislava, Slovensko",48.1559178,17.1313541,Slovensko,42,4,Radovan Kavicky,2026-07-24T04:00:00+02:00[Europe/Bratislava],True,https://www.meetup.com/pydata-slovakia-bratislava/events/,https://www.meetup.com/pydata-slovakia-bratislava/members/?op=leaders,23,True,0,0,
PyData Ljubljana Meetup,https://www.meetup.com/PyData-Slovenia-Meetup,PyData-Slovenia-Meetup,720,Ljubljana,4.6,"Ljubljana, Slovenija",46.0500268,14.5069289,Slovenija,22,,,2026-07-24T04:00:00+02:00[Europe/Ljubljana],True,https://www.meetup.com/PyData-Slovenia-Meetup/events/,https://www.meetup.com/PyData-Slovenia-Meetup/members/?op=leaders,23,False,0,0,
PyData Roma Capitale,https://www.meetup.com/pydata-roma-capitale,pydata-roma-capitale,321,Roma,4.8,"Roma, Italia",41.8933203,12.4829321,Italia,14,8,Egon Ferri,2026-07-24T04:00:00+02:00[Europe/Rome],True,https://www.meetup.com/pydata-roma-capitale/events/,https://www.meetup.com/pydata-roma-capitale/members/?op=leaders,23,True,0,0,
PyData Rome,https://www.meetup.com/pydata-rome,pydata-rome,288,Roma,4.8,"Roma, Italia",41.8933203,12.4829321,Italia,9,,Egon Ferri,2026-06-05T07:00:00+02:00[Europe/Rome],True,https://www.meetup.com/pydata-rome/events/,https://www.meetup.com/pydata-rome/members/?op=leaders,71,False,0,0,
PyData Beograd,https://www.meetup.com/pydata-beograd,pydata-beograd,130,Belgrade,,"Belgrade, Србија",44.8153318,20.4456588,Србија,0,,,,False,https://www.meetup.com/pydata-beograd/events/,https://www.meetup.com/pydata-beograd/members/?op=leaders,,False,0,0,
PyData Cluj-Napoca,https://www.meetup.com/PyData-Cluj-Napoca,PyData-Cluj-Napoca,773,Cluj-Napoca,4.8,"Cluj-Napoca, România",46.769379,23.5899542,România,41,3,Sebastian Breştin,2026-07-24T04:00:00+03:00[Europe/Bucharest],True,https://www.meetup.com/PyData-Cluj-Napoca/events/,https://www.meetup.com/PyData-Cluj-Napoca/members/?op=leaders,23,True,0,0,
PyData Conakry,https://www.meetup.com/pydata-conakry,pydata-conakry,123,Conakry,,"Conakry, Guinée",9.5170602,-13.6998434,Guinée,0,,,,False,https://www.meetup.com/pydata-conakry/events/,https://www.meetup.com/pydata-conakry/members/?op=leaders,,False,0,0,
PyData Sibiu,https://www.meetup.com/pydata-sibiu-meetup-group,pydata-sibiu-meetup-group,204,Sibiu,4.9,"Sibiu, România",45.7973912,24.1519202,România,13,4,Iulian Cozma,2026-07-24T04:00:00+03:00[Europe/Bucharest],False,https://www.meetup.com/pydata-sibiu-meetup-group/events/,https://www.meetup.com/pydata-sibiu-meetup-group/members/?op=leaders,23,True,0,0,
PyData Belo Horizonte,https://www.meetup.com/PyData-Belo-Horizonte,PyData-Belo-Horizonte,1829,Belo Horizonte,4.8,"Belo Horizonte, Brasil",-19.9227318,-43.9450948,Brasil,46,5,Andre ROCHA,2026-07-24T04:00:00-03:00[America/Sao_Paulo],True,https://www.meetup.com/PyData-Belo-Horizonte/events/,https://www.meetup.com/PyData-Belo-Horizonte/members/?op=leaders,22,False,0,0,
PyData Skopje,https://www.meetup.com/PyData-Skopje,PyData-Skopje,959,Skopje,5.0,"Skopje, Северна Македонија",41.9961816,21.4319213,Северна Македонија,31,6,novica,2026-07-24T04:00:00+02:00[Europe/Skopje],True,https://www.meetup.com/PyData-Skopje/events/,https://www.meetup.com/PyData-Skopje/members/?op=leaders,23,True,0,0,
PyData São Paulo,https://www.meetup.com/PyData-Sao-Paulo,PyData-Sao-Paulo,8023,São Paulo,4.7,"São Paulo, Brasil",-23.5506507,-46.6333824,Brasil,74,,Ricardo Manhães Savii,2026-07-24T04:00:00-03:00[America/Sao_Paulo],True,https://www.meetup.com/PyData-Sao-Paulo/events/,https://www.meetup.com/PyData-Sao-Paulo/members/?op=leaders,22,False,0,0,
PyData Sofia,https://www.meetup.com/pydata-sofia,pydata-sofia,759,Sofia,4.5,"Sofia, България",42.6977028,23.3217359,България,28,6,Yasen Kiprov,2026-07-24T04:00:00+03:00[Europe/Sofia],True,https://www.meetup.com/pydata-sofia/events/,https://www.meetup.com/pydata-sofia/members/?op=leaders,23,True,0,0,
PyData Bucharest,https://www.meetup.com/pydata-bucharest,pydata-bucharest,27,Bucharest,,"Bucharest, România",44.4361414,26.102684,România,3,,"NumFOCUS, Inc.",2026-07-24T04:00:00+03:00[Europe/Bucharest],True,https://www.meetup.com/pydata-bucharest/events/,https://www.meetup.com/pydata-bucharest/members/?op=leaders,23,True,0,0,
PyData RJ,https://www.meetup.com/PyData-Rio,PyData-Rio,884,Rio de Janeiro,4.9,"Rio de Janeiro, Brasil",-22.9110137,-43.2093727,Brasil,14,,Marina Mattos,2026-07-24T04:00:00-03:00[America/Sao_Paulo],True,https://www.meetup.com/PyData-Rio/events/,https://www.meetup.com/PyData-Rio/members/?op=leaders,22,True,0,0,
PyData Piraeus,https://www.meetup.com/PyData-Piraeus,PyData-Piraeus,515,Piraieús,4.6,"Piraeus, Greece",37.9431594,23.6470593,Ελλάς,10,5,Vladimir Iurcovschi,2025-11-14T16:00:00+02:00[Europe/Athens],False,https://www.meetup.com/PyData-Piraeus/events/,https://www.meetup.com/PyData-Piraeus/members/?op=leaders,274,False,0,0,
PyData Athens,https://www.meetup.com/PyData-Athens,PyData-Athens,1245,Athens,4.6,"Athens, Ελλάς",37.9755648,23.7348324,Ελλάς,0,,,,True,https://www.meetup.com/PyData-Athens/events/,https://www.meetup.com/PyData-Athens/members/?op=leaders,,False,0,0,
PyData Turkiye,https://www.meetup.com/pydata-turkiye,pydata-turkiye,621,Istanbul,4.9,"Istanbul, Türkiye",41.006381,28.9758715,Türkiye,9,4,Hasan Özdemir,2026-07-24T04:00:00+03:00[Europe/Istanbul],True,https://www.meetup.com/pydata-turkiye/events/,https://www.meetup.com/pydata-turkiye/members/?op=leaders,23,True,0,0,
PyData Buenos Aires,https://www.meetup.com/pydata-buenos-aires,pydata-buenos-aires,574,Buenos Aires,4.9,"Buenos Aires, Argentina",-34.6095579,-58.3887904,Argentina,15,3,Javier Martinez,2026-08-14T00:00:00-03:00[America/Argentina/Buenos_Aires],True,https://www.meetup.com/pydata-buenos-aires/events/,https://www.meetup.com/pydata-buenos-aires/members/?op=leaders,2,True,0,0,
PyData Cyprus,https://www.meetup.com/PyData-Cyprus,PyData-Cyprus,1074,Lemesos,4.8,"Lemesos, Κύπρος - Kıbrıs",34.6852901,33.0332657,Κύπρος - Kıbrıs,46,6,Argyrou Argyris,2026-07-24T04:00:00+03:00[Asia/Nicosia],True,https://www.meetup.com/PyData-Cyprus/events/,https://www.meetup.com/PyData-Cyprus/members/?op=leaders,23,True,0,0,
PyData Yerevan,https://www.meetup.com/pydata-yerevan,pydata-yerevan,546,Yerevan,4.8,"Yerevan, Հայաստան",40.1777112,44.5126233,Հայաստան,34,5,Habet,2026-07-24T05:00:00+04:00[Asia/Yerevan],True,https://www.meetup.com/pydata-yerevan/events/,https://www.meetup.com/pydata-yerevan/members/?op=leaders,23,True,0,0,
PyData Lagos,https://www.meetup.com/pydata-lagos,pydata-lagos,3920,Lagos,4.6,"Lagos, Nigeria",6.4550575,3.3941795,Nigeria,28,5,"NumFOCUS, Inc.",2026-07-24T04:00:00+01:00[Africa/Lagos],True,https://www.meetup.com/pydata-lagos/events/,https://www.meetup.com/pydata-lagos/members/?op=leaders,23,True,0,1,
PyData Kaduna,https://www.meetup.com/PyData-Kaduna,PyData-Kaduna,538,Kaduna,,"Kaduna, Nigeria",10.5182899,7.4359863,Nigeria,12,3,Sanusi Dabo Lawal,2026-07-24T04:00:00+01:00[Africa/Lagos],True,https://www.meetup.com/PyData-Kaduna/events/,https://www.meetup.com/PyData-Kaduna/members/?op=leaders,23,True,0,0,
PyData Abuja,https://www.meetup.com/pydata-abuja,pydata-abuja,62,Abuja,,"Abuja, Nigeria",9.0643305,7.4892974,Nigeria,0,,,,True,https://www.meetup.com/pydata-abuja/events/,https://www.meetup.com/pydata-abuja/members/?op=leaders,,False,0,0,
PyData Tel Aviv,https://www.meetup.com/pydata-tel-aviv,pydata-tel-aviv,9766,Tel Aviv-Yafo,4.5,"Tel Aviv-Yafo, ישראל",32.0852997,34.7818064,ישראל,72,5,Iddo Berger,2026-07-24T04:00:00+03:00[Asia/Jerusalem],True,https://www.meetup.com/pydata-tel-aviv/events/,https://www.meetup.com/pydata-tel-aviv/members/?op=leaders,23,True,0,0,
PyData Bauchi,https://www.meetup.com/pydata-bauchi,pydata-bauchi,50,Bauchi,,"Bauchi, Nigeria",10.3147618,9.8454417,Nigeria,0,,,,False,https://www.meetup.com/pydata-bauchi/events/,https://www.meetup.com/pydata-bauchi/members/?op=leaders,,False,0,0,
PyData Warri,https://www.meetup.com/pydata-warri,pydata-warri,126,Warri,,"Warri, Nigeria",5.5186186,5.7480196,Nigeria,0,,,,False,https://www.meetup.com/pydata-warri/events/,https://www.meetup.com/pydata-warri/members/?op=leaders,,False,0,0,
PyData Ughelli,https://www.meetup.com/pydata-ughelli,pydata-ughelli,140,Ughelli,,"Ughelli, Nigeria",5.494188,5.995321,Nigeria,3,,"NumFOCUS, Inc.",2026-07-24T04:00:00+01:00[Africa/Lagos],True,https://www.meetup.com/pydata-ughelli/events/,https://www.meetup.com/pydata-ughelli/members/?op=leaders,23,True,0,0,
PyData Kuwait,https://www.meetup.com/kuwait-pydata-meetup-group,kuwait-pydata-meetup-group,257,al-Kuwayt,,"al-Kuwayt, الكويت",29.3796532,47.9734174,الكويت,9,5,,2026-07-24T04:00:00+03:00[Asia/Kuwait],True,https://www.meetup.com/kuwait-pydata-meetup-group/events/,https://www.meetup.com/kuwait-pydata-meetup-group/members/?op=leaders,23,True,0,0,
PyData Riyadh,https://www.meetup.com/PyDataRiyadh,PyDataRiyadh,3132,Riyadh,4.7,"Riyadh, السعودية",23.333333,45.333333,السعودية,0,,,,False,https://www.meetup.com/PyDataRiyadh/events/,https://www.meetup.com/PyDataRiyadh/members/?op=leaders,,False,0,0,
PyData Taipei,https://www.meetup.com/pydata-taipei,pydata-taipei,35,Taipei,,"Taipei, 臺灣",25.0375198,121.5636796,臺灣,6,,"NumFOCUS, Inc.",2026-07-24T04:00:00+08:00[Asia/Taipei],True,https://www.meetup.com/pydata-taipei/events/,https://www.meetup.com/pydata-taipei/members/?op=leaders,23,True,0,2,
PyData Jalandhar,https://www.meetup.com/PyData-Jalandhar,PyData-Jalandhar,1019,Jalandhar,4.2,"Jalandhar, India",31.2922312,75.5678878,India,13,,Suraj Mani,2026-07-24T04:00:00+05:30[Asia/Kolkata],True,https://www.meetup.com/PyData-Jalandhar/events/,https://www.meetup.com/PyData-Jalandhar/members/?op=leaders,23,True,0,0,
PyData Dubai meetup,https://www.meetup.com/pydata-dubai-meetup,pydata-dubai-meetup,1376,Dubai,4.8,"Dubai, الإمارات العربية المتحدة",25.0742823,55.1885387,الإمارات العربية المتحدة,16,6,"NumFOCUS, Inc.",2026-07-24T04:00:00+04:00[Asia/Dubai],True,https://www.meetup.com/pydata-dubai-meetup/events/,https://www.meetup.com/pydata-dubai-meetup/members/?op=leaders,23,False,0,0,
PyData Delhi,https://www.meetup.com/PyDataDelhi,PyDataDelhi,8949,Delhi,4.6,"Delhi, India",28.6138954,77.2090057,India,62,6,Sanket Verma,2026-07-24T04:00:00+05:30[Asia/Kolkata],True,https://www.meetup.com/PyDataDelhi/events/,https://www.meetup.com/PyDataDelhi/members/?op=leaders,23,True,0,0,
PyData Kathmandu,https://www.meetup.com/PyData-Kathmandu,PyData-Kathmandu,556,Kathmandu,,"Kathmandu, नेपाल",27.708317,85.3205817,नेपाल,7,3,Raj Kumar,2026-07-24T04:00:00+05:45[Asia/Kathmandu],True,https://www.meetup.com/PyData-Kathmandu/events/,https://www.meetup.com/PyData-Kathmandu/members/?op=leaders,23,True,0,0,
PyData Hong Kong,https://www.meetup.com/PyData-Hong-Kong,PyData-Hong-Kong,288,Hong Kong,4.6,"Hong Kong, 中国",22.3492155,114.1857978,中国,22,5,Howard Cheung,2026-07-24T04:00:00+08:00[Asia/Shanghai],True,https://www.meetup.com/PyData-Hong-Kong/events/,https://www.meetup.com/PyData-Hong-Kong/members/?op=leaders,23,True,0,0,
PyData Karachi,https://www.meetup.com/pydata-karachi,pydata-karachi,333,Karachi,,"Karachi, پاکستان",24.8546842,67.0207055,پاکستان,0,,,,False,https://www.meetup.com/pydata-karachi/events/,https://www.meetup.com/pydata-karachi/members/?op=leaders,,False,0,0,
PyData Indore,https://www.meetup.com/pydata-indore,pydata-indore,500,Indore,,"Indore, India",22.7203616,75.8681996,India,4,,Sumit S Chawla,2026-07-24T04:00:00+05:30[Asia/Kolkata],True,https://www.meetup.com/pydata-indore/events/,https://www.meetup.com/pydata-indore/members/?op=leaders,23,True,0,1,
Data Engineering Pilipinas - a PyData group,https://www.meetup.com/data-engineering-pilipinas,data-engineering-pilipinas,5807,Mandaluyong,4.6,"Mandaluyong, Philippines",14.5774392,121.0338973,Philippines,105,15,Michel Onasis S. Ogbinar,2026-08-15T11:00:00+08:00[Asia/Manila],True,https://www.meetup.com/data-engineering-pilipinas/events/,https://www.meetup.com/data-engineering-pilipinas/members/?op=leaders,1,True,0,3,
PyData Kampala,https://www.meetup.com/PyData-Kampala,PyData-Kampala,1264,Kampala,4.9,"Kampala, Uganda",0.3177137,32.5813539,Uganda,21,6,Ernest Kabahima,2026-07-24T04:00:00+03:00[Africa/Kampala],True,https://www.meetup.com/PyData-Kampala/events/,https://www.meetup.com/PyData-Kampala/members/?op=leaders,23,True,0,0,
PyData Mumbai,https://www.meetup.com/PyDataMumbai,PyDataMumbai,1412,Mumbai,4.5,"Mumbai, India",19.054999,72.8692035,India,41,,,2026-08-14T06:30:00+05:30[Asia/Kolkata],True,https://www.meetup.com/PyDataMumbai/events/,https://www.meetup.com/PyDataMumbai/members/?op=leaders,2,False,0,0,
PyData Chiang Mai,https://www.meetup.com/pydata-chiang-mai,pydata-chiang-mai,39,Chiang Mai,,"Chiang Mai, ประเทศไทย",18.7882778,98.9858802,ประเทศไทย,6,3,"NumFOCUS, Inc.",2026-07-24T04:00:00+07:00[Asia/Bangkok],True,https://www.meetup.com/pydata-chiang-mai/events/,https://www.meetup.com/pydata-chiang-mai/members/?op=leaders,23,True,0,0,
PyData Pune,https://www.meetup.com/pydata-pune,pydata-pune,5631,Pune,4.4,"Pune, India",18.5213738,73.8545071,India,50,,,2026-08-13T18:30:00+05:30[Asia/Kolkata],True,https://www.meetup.com/pydata-pune/events/,https://www.meetup.com/pydata-pune/members/?op=leaders,2,False,0,0,
PyData Nairobi,https://www.meetup.com/PyData-Nairobi,PyData-Nairobi,972,Nairobi,5.0,"Nairobi, Kenya",-1.3026148,36.828842,Kenya,13,,,2026-07-24T04:00:00+03:00[Africa/Nairobi],True,https://www.meetup.com/PyData-Nairobi/events/,https://www.meetup.com/PyData-Nairobi/members/?op=leaders,23,False,0,0,
PyData Brisbane,https://www.meetup.com/PyData-Brisbane,PyData-Brisbane,61,Brisbane,,"Brisbane, Australia",-27.365991,152.948963,Australia,0,,,,True,https://www.meetup.com/PyData-Brisbane/events/,https://www.meetup.com/PyData-Brisbane/members/?op=leaders,,False,0,0,
PyData Bangalore,https://www.meetup.com/pydata-bangalore,pydata-bangalore,3370,Bangalore,4.7,"Bangalore, India",12.9767936,77.590082,India,22,4,Vinayak Mehta,2026-07-24T04:00:00+05:30[Asia/Kolkata],True,https://www.meetup.com/pydata-bangalore/events/,https://www.meetup.com/pydata-bangalore/members/?op=leaders,23,True,0,0,
PyData OMR,https://www.meetup.com/pydata-omr,pydata-omr,2655,Chennai,3.9,"Chennai, India",13.0836939,80.270186,India,16,,,2026-07-24T04:00:00+05:30[Asia/Kolkata],True,https://www.meetup.com/pydata-omr/events/,https://www.meetup.com/pydata-omr/members/?op=leaders,23,True,0,0,
PyData Chennai,https://www.meetup.com/PyData-Chennai,PyData-Chennai,3378,Chennai,,"Chennai, India",13.0836939,80.270186,India,27,,"NumFOCUS, Inc.",2026-07-24T04:00:00+05:30[Asia/Kolkata],True,https://www.meetup.com/PyData-Chennai/events/,https://www.meetup.com/PyData-Chennai/members/?op=leaders,23,False,0,0,
PyData Tanzania,https://www.meetup.com/pydata-tanzania,pydata-tanzania,504,Dar es Salaam,,"Dar es Salaam, Tanzania",-6.8160837,39.2803583,"Tanzania, United Republic of",2,,Python Tanzania Secretariat,2025-08-11T05:00:00+03:00[Africa/Dar_es_Salaam],False,https://www.meetup.com/pydata-tanzania/events/,https://www.meetup.com/pydata-tanzania/members/?op=leaders,370,False,0,1,
PyData Cape Town,https://www.meetup.com/PyData-Cape-Town,PyData-Cape-Town,413,Cape Town,,"Cape Town, South Africa",-33.9288301,18.4172197,South Africa,9,4,Laura Richter,2026-07-24T04:00:00+02:00[Africa/Johannesburg],True,https://www.meetup.com/PyData-Cape-Town/events/,https://www.meetup.com/PyData-Cape-Town/members/?op=leaders,23,False,0,0,
PyData Sydney,https://www.meetup.com/PyData-Sydney,PyData-Sydney,2071,Sydney,4.4,"Sydney, Australia",-33.8698439,151.2082848,Australia,0,,,,True,https://www.meetup.com/PyData-Sydney/events/,https://www.meetup.com/PyData-Sydney/members/?op=leaders,,False,0,0,
PyData Johannesburg,https://www.meetup.com/pydata-johannesburg,pydata-johannesburg,2505,Johannesburg,4.7,"Johannesburg, South Africa",-26.205,28.049722,South Africa,42,3,"NumFOCUS, Inc.",2026-07-24T04:00:00+02:00[Africa/Johannesburg],True,https://www.meetup.com/pydata-johannesburg/events/,https://www.meetup.com/pydata-johannesburg/members/?op=leaders,23,True,0,0,
PyData Sri Lanka,https://www.meetup.com/colombo-pydata-meetup-group,colombo-pydata-meetup-group,365,Colombo,4.5,"Colombo, Sri Lanka",6.9388614,79.8542005,Sri Lanka,4,6,samujitha.senaratne,2026-07-24T04:00:00+05:30[Asia/Colombo],True,https://www.meetup.com/colombo-pydata-meetup-group/events/,https://www.meetup.com/colombo-pydata-meetup-group/members/?op=leaders,23,True,0,0,
PyData Kuala Lumpur,https://www.meetup.com/PyDataKL,PyDataKL,322,Kuala Lumpur,4.1,"Kuala Lumpur, Malaysia",3.1516964,101.6942371,Malaysia,13,,Hong Vin Koay,2026-07-24T04:00:00+08:00[Asia/Kuala_Lumpur],True,https://www.meetup.com/PyDataKL/events/,https://www.meetup.com/PyDataKL/members/?op=leaders,23,False,3,0,
PyData Singapore,https://www.meetup.com/PyData-SG,PyData-SG,5689,Singapore,4.5,"Singapore, Singapore",1.357107,103.8194992,Singapore,59,7,Prasanta B.,2026-06-05T07:00:00+08:00[Asia/Singapore],True,https://www.meetup.com/PyData-SG/events/,https://www.meetup.com/PyData-SG/members/?op=leaders,72,True,0,0,
PyData Melbourne,https://www.meetup.com/pydata-melbourne,pydata-melbourne,204,Melbourne,4.9,"Melbourne, Australia",-37.8142454,144.9631732,Australia,1,,Shashank Shekhar,2025-07-28T07:30:00+10:00[Australia/Melbourne],False,https://www.meetup.com/pydata-melbourne/events/,https://www.meetup.com/pydata-melbourne/members/?op=leaders,384,True,0,0,
PyData Mauritius,https://www.meetup.com/pydata-mu,pydata-mu,119,Riviere du Rempart,,"Riviere du Rempart, Mauritius / Maurice",-20.0669942,57.65063,Mauritius / Maurice,5,3,Aditya Bholah,2026-07-25T10:00:00+04:00[Indian/Mauritius],True,https://www.meetup.com/pydata-mu/events/,https://www.meetup.com/pydata-mu/members/?op=leaders,21,True,0,0,
PyData Tokyo,https://www.meetup.com/pydata-tokyo,pydata-tokyo,428,Tokyo,4.6,"Tokyo, 日本",35.6768601,139.7638947,日本,7,5,"NumFOCUS, Inc.",2025-06-06T07:00:00+09:00[Asia/Tokyo],False,https://www.meetup.com/pydata-tokyo/events/,https://www.meetup.com/pydata-tokyo/members/?op=leaders,436,False,0,0,
PyData Abu Dhabi,https://www.meetup.com/pydata-abu-dhabi,pydata-abu-dhabi,186,Abu Dhabi,,"Abu Dhabi, الإمارات العربية المتحدة",24.4538352,54.3774014,الإمارات العربية المتحدة,4,,Dr. Mamdouh Barakat,2025-02-11T08:00:00+04:00[Asia/Dubai],False,https://www.meetup.com/pydata-abu-dhabi/events/,https://www.meetup.com/pydata-abu-dhabi/members/?op=leaders,550,False,0,0,
PyData Krakow,https://www.meetup.com/pydata-krakow,pydata-krakow,1306,Kraków,4.8,"Kraków, Polska",50.0469432,19.9971534,Polska,44,3,Maciej Majewski,2025-06-06T07:00:00+02:00[Europe/Warsaw],False,https://www.meetup.com/pydata-krakow/events/,https://www.meetup.com/pydata-krakow/members/?op=leaders,435,False,0,0,
PyData Vilnius,https://www.meetup.com/pydata-vilnius,pydata-vilnius,469,Vilnius,4.7,"Vilnius, Lietuva",54.6870458,25.2829111,Lietuva,6,6,Inga Pliavgo,2025-12-04T16:00:00+02:00[Europe/Vilnius],False,https://www.meetup.com/pydata-vilnius/events/,https://www.meetup.com/pydata-vilnius/members/?op=leaders,254,False,0,0,
PyData Poznan,https://www.meetup.com/pydata-poznan,pydata-poznan,221,Poznań,4.8,"Poznań, Polska",52.4006632,16.9197326,Polska,8,,Piotr Trojanowski,2025-12-04T17:00:00+01:00[Europe/Warsaw],False,https://www.meetup.com/pydata-poznan/events/,https://www.meetup.com/pydata-poznan/members/?op=leaders,254,False,0,0,
PyData Basel,https://www.meetup.com/pydata-basel,pydata-basel,177,Basel,4.8,"Basel, Schweiz",47.5581077,7.5878261,Schweiz/Suisse/Svizzera/Svizra,6,4,Julien Denos,2023-10-25T17:00:00+02:00[Europe/Zurich],False,https://www.meetup.com/pydata-basel/events/,https://www.meetup.com/pydata-basel/members/?op=leaders,1025,False,0,0,
PyData Lausanne,https://www.meetup.com/pydata-lausanne/,pydata-lausanne,715,Lausanne,4.8,"Lausanne, Schweiz",46.5218269,6.6327025,Schweiz/Suisse/Svizzera/Svizra,26,4,Julien Denos,2026-04-28T16:30:00+02:00[Europe/Zurich],False,https://www.meetup.com/pydata-lausanne/events/,https://www.meetup.com/pydata-lausanne/members/?op=leaders,109,False,0,0,
PyData Osaka,https://pydata.org/osaka,,,Osaka,,,34.6937,135.5023,Japan,0,,,,,https://pydata.org/osaka/events/,https://pydata.org/osaka/members/?op=leaders,,False,0,0,discord
PyData Vermont,https://pydata.org/vermont2025,,,Burlington,,,44.4759,-73.2121,United States,0,,,,,https://pydata.org/vermont2025/events/,https://pydata.org/vermont2025/members/?op=leaders,,False,0,0,conference
PyData Osaka,https://osaka.pydata.org/,,,Osaka,,,34.6937,135.5023,Japan,0,,,,,https://osaka.pydata.org/events/,https://osaka.pydata.org/members/?op=leaders,,False,0,0,discord
PyData Northen Utah,https://huntsman.usu.edu/clubs/pydata,,,Logan,,,41.7369,-111.8338, United States,0,,,,,https://huntsman.usu.edu/clubs/pydata/events/,https://huntsman.usu.edu/clubs/pydata/members/?op=leaders,,False,0,0,university
PyData Northern Utah,https://www.meetup.com/pydata-northern-utah,pydata-northern-utah,115,Logan,,Northern Utah,41.8121497,-111.8117671,United States,14,3,Marc Dotson,2026-07-24T04:00:00-06:00[America/Denver],,https://www.meetup.com/pydata-northern-utah/events/,https://www.meetup.com/pydata-northern-utah/members/?op=leaders,22,True,0,0,
PyData Manaus,https://github.com/pydatamanaus,,,Manaus,,,-3.119,-60.0217,Brasil,0,,,,,https://github.com/pydatamanaus/events/,https://github.com/pydatamanaus/members/?op=leaders,,False,0,0,github
PyData Jaipur,https://www.meetup.com/pydata-jaipur,pydata-jaipur,6,New group,,Jaipur,26.9154576,75.8189817,India,0,,,,,https://www.meetup.com/pydata-jaipur/events/,https://www.meetup.com/pydata-jaipur/members/?op=leaders,,True,0,0,
PyData San Diego,https://www.meetup.com/pydata-san-diego,pydata-san-diego,10,New group,,San Diego,32.7174202,-117.162772,United States,0,,Justin Stevens,,,https://www.meetup.com/pydata-san-diego/events/,https://www.meetup.com/pydata-san-diego/members/?op=leaders,,True,0,0,
PyData Prayagraj,https://www.meetup.com/pydata-prayagraj,pydata-prayagraj,18,New group,,Prayagraj,25.4381302,81.8338005,India,0,,Priyankar Shukla,,,https://www.meetup.com/pydata-prayagraj/events/,https://www.meetup.com/pydata-prayagraj/members/?op=leaders,,True,0,0,
